Scenerio ,"Average ""I""","Average ""K"""
1,0.00609523,0.259276757
2,0.014547394,0.350285955
3,0.021176579,0.499283999
